-- Part 11: Affiliate Links
INSERT INTO public.affiliate_links (id, creator_id, campaign_id, code, target_path, is_active)
VALUES
  ('l1000000-0000-0000-0000-000000000001', '00000000-0000-0000-0000-000000000004', 'ca100000-0000-0000-0000-000000000002', 'ALICE-EARB-2024', '/campaigns/ca100000-0000-0000-0000-000000000002', true),
  ('l1000000-0000-0000-0000-000000000002', '00000000-0000-0000-0000-000000000005', 'ca100000-0000-0000-0000-000000000003', 'CHARLIE-SKINC-2024', '/campaigns/ca100000-0000-0000-0000-000000000003', true),
  ('l1000000-0000-0000-0000-000000000003', '00000000-0000-0000-0000-000000000004', 'ca100000-0000-0000-0000-000000000001', 'ALICE-IPHONE-2024', '/campaigns/ca100000-0000-0000-0000-000000000001', true);

-- Part 12: Coupon Codes
INSERT INTO public.coupon_codes (id, creator_id, campaign_id, code, discount_type, discount_value, is_active)
VALUES
  ('cp100000-0000-0000-0000-000000000001', '00000000-0000-0000-0000-000000000004', 'ca100000-0000-0000-0000-000000000002', 'ALICE20', 'percent', 20.00, true),
  ('cp100000-0000-0000-0000-000000000002', '00000000-0000-0000-0000-000000000005', 'ca100000-0000-0000-0000-000000000003', 'CHARLIE15', 'percent', 15.00, true),
  (NULL, NULL, 'ca100000-0000-0000-0000-000000000002', 'EARBUDS10', 'percent', 10.00, true),
  (NULL, NULL, 'ca100000-0000-0000-0000-000000000003', 'SKINCARE25', 'percent', 25.00, true),
  (NULL, NULL, 'ca100000-0000-0000-0000-000000000001', 'CASE5OFF', 'fixed', 5.00, true);

-- Part 13: Clicks
INSERT INTO public.clicks (affiliate_link_id, creator_id, campaign_id, referrer, user_agent, created_at)
VALUES
  ('l1000000-0000-0000-0000-000000000001', '00000000-0000-0000-0000-000000000004', 'ca100000-0000-0000-0000-000000000002', 'https://instagram.com/', 'Mozilla/5.0 (iPhone; CPU iPhone OS 17_0 like Mac OS X)', '2026-03-20 10:00:00'),
  ('l1000000-0000-0000-0000-000000000001', '00000000-0000-0000-0000-000000000004', 'ca100000-0000-0000-0000-000000000002', 'https://tiktok.com/', 'Mozilla/5.0 (iPhone; CPU iPhone OS 17_0 like Mac OS X)', '2026-03-21 14:30:00'),
  ('l1000000-0000-0000-0000-000000000001', '00000000-0000-0000-0000-000000000004', 'ca100000-0000-0000-0000-000000000002', NULL, 'Mozilla/5.0 (Macintosh; Intel Mac OS X 10_15_7)', '2026-03-22 09:15:00'),
  ('l1000000-0000-0000-0000-000000000002', '00000000-0000-0000-0000-000000000005', 'ca100000-0000-0000-0000-000000000003', 'https://instagram.com/', 'Mozilla/5.0 (iPhone; CPU iPhone OS 17_0 like Mac OS X)', '2026-03-20 11:00:00'),
  ('l1000000-0000-0000-0000-000000000002', '00000000-0000-0000-0000-000000000005', 'ca100000-0000-0000-0000-000000000003', NULL, 'Mozilla/5.0 (Windows NT 10.0; Win64; x64)', '2026-03-21 16:45:00'),
  ('l1000000-0000-0000-0000-000000000003', '00000000-0000-0000-0000-000000000004', 'ca100000-0000-0000-0000-000000000001', 'https://twitter.com/', 'Mozilla/5.0 (iPhone; CPU iPhone OS 17_0 like Mac OS X)', '2026-03-23 08:30:00');

-- Part 14: Orders
INSERT INTO public.orders (id, campaign_id, creator_id, affiliate_link_id, coupon_code_id, customer_name, customer_email, customer_phone, amount, status, attribution_source, created_at)
VALUES
  ('o1000000-0000-0000-0000-000000000001', 'ca100000-0000-0000-0000-000000000002', '00000000-0000-0000-0000-000000000004', 'l1000000-0000-0000-0000-000000000001', 'cp100000-0000-0000-0000-000000000001', 'John Smith', 'john@email.com', '+1234567890', 129.99, 'paid', 'link', '2026-03-24 10:00:00'),
  ('o1000000-0000-0000-0000-000000000002', 'ca100000-0000-0000-0000-000000000003', '00000000-0000-0000-0000-000000000005', 'l1000000-0000-0000-0000-000000000002', 'cp100000-0000-0000-0000-000000000002', 'Emma Wilson', 'emma@email.com', '+1987654321', 89.50, 'paid', 'link', '2026-03-25 14:30:00'),
  ('o1000000-0000-0000-0000-000000000003', 'ca100000-0000-0000-0000-000000000002', '00000000-0000-0000-0000-000000000004', NULL, 'cp100000-0000-0000-0000-000000000001', 'Lisa Chen', 'lisa@email.com', '+1122334455', 149.00, 'paid', 'coupon', '2026-03-26 09:15:00'),
  ('o1000000-0000-0000-0000-000000000004', 'ca100000-0000-0000-0000-000000000001', NULL, NULL, NULL, 'Mike Brown', 'mike@email.com', '+1555666777', 79.99, 'pending', 'none', '2026-03-27 11:00:00'),
  ('o1000000-0000-0000-0000-000000000005', 'ca100000-0000-0000-0000-000000000002', '00000000-0000-0000-0000-000000000004', 'l1000000-0000-0000-0000-000000000001', NULL, 'Tom Davis', 'tom@email.com', '+1888999000', 99.99, 'cancelled', 'link', '2026-03-26 16:00:00'),
  ('o1000000-0000-0000-0000-000000000006', 'ca100000-0000-0000-0000-000000000003', '00000000-0000-0000-0000-000000000005', 'l1000000-0000-0000-0000-000000000002', NULL, 'Sarah Johnson', 'sarah@email.com', '+1666777888', 199.00, 'refunded', 'link', '2026-03-25 10:00:00');

-- Part 15: Order Items
INSERT INTO public.order_items (order_id, product_id, variant_id, qty, unit_price)
VALUES
  ('o1000000-0000-0000-0000-000000000001', 'p1000000-0000-0000-0000-000000000002', NULL, 1, 129.99),
  ('o1000000-0000-0000-0000-000000000002', 'p1000000-0000-0000-0000-000000000003', NULL, 2, 44.75),
  ('o1000000-0000-0000-0000-000000000003', 'p1000000-0000-0000-0000-000000000002', NULL, 1, 149.00),
  ('o1000000-0000-0000-0000-000000000004', 'p1000000-0000-0000-0000-000000000001', NULL, 1, 79.99),
  ('o1000000-0000-0000-0000-000000000005', 'p1000000-0000-0000-0000-000000000002', NULL, 1, 99.99),
  ('o1000000-0000-0000-0000-000000000006', 'p1000000-0000-0000-0000-000000000003', NULL, 1, 199.00);

-- Part 16: Commissions
INSERT INTO public.commissions (id, order_id, creator_id, campaign_id, amount, rate, status, created_at)
VALUES
  ('cm100000-0000-0000-0000-000000000001', 'o1000000-0000-0000-0000-000000000001', '00000000-0000-0000-0000-000000000004', 'ca100000-0000-0000-0000-000000000002', 25.99, 20.00, 'pending', '2026-03-24 10:00:00'),
  ('cm100000-0000-0000-0000-000000000002', 'o1000000-0000-0000-0000-000000000002', '00000000-0000-0000-0000-000000000005', 'ca100000-0000-0000-0000-000000000003', 11.19, 12.50, 'pending', '2026-03-25 14:30:00'),
  ('cm100000-0000-0000-0000-000000000003', 'o1000000-0000-0000-0000-000000000003', '00000000-0000-0000-0000-000000000004', 'ca100000-0000-0000-0000-000000000002', 29.80, 20.00, 'approved', '2026-03-26 09:15:00'),
  ('cm100000-0000-0000-0000-000000000004', 'o1000000-0000-0000-0000-000000000006', '00000000-0000-0000-0000-000000000005', 'ca100000-0000-0000-0000-000000000003', 24.88, 12.50, 'void', '2026-03-25 10:00:00');
